{"DocumentTypeId":"StructuredDocuments.HRForms.ReimbursementForm","FormId":"c506ba6a","FormName":"Reimbursement Request","OriginalFileExtension":"pdf","Pages":[{"Page":0,"Size":[0.0,0.0,540.0,720.0],"SkewAngle":0.0,"Evidence":[{"Text":"Request","Box":[50.0969,51.552,62.4352,16.6181]},{"Text":"Reimbursement","Box":[50.0969,146.6646,124.0052,16.6181]},{"Text":"NAME","Box":[134.42,67.224,29.0352,11.04]},{"Text":"PAYMENT","Box":[166.75,94.4486,46.1031,11.04]},{"Text":"EXPENSE","Box":[321.19,67.224,40.6382,11.04]},{"Text":"AMOUNT","Box":[321.19,436.34,43.7294,11.04]},{"Text":"TOTAL","Box":[562.61,67.224,29.8521,11.04]},{"Text":"REIMBURSEMENT","Box":[562.61,156.5707,82.2259,11.04]}],"Fields":[{"Field":"StructuredDocuments.HRForms.ReimbursementForm.Name","Box":[124.584,141.3313,342.708,22.8744]},{"Field":"StructuredDocuments.HRForms.ReimbursementForm.Address","Box":[162.1634,143.3737,341.0741,23.6914]},{"Field":"StructuredDocuments.HRForms.ReimbursementForm.City","Box":[203.0106,143.7821,182.587,19.6067]},{"Field":"StructuredDocuments.HRForms.ReimbursementForm.State","Box":[202.6021,334.5386,53.5098,18.3812]},{"Field":"StructuredDocuments.HRForms.ReimbursementForm.ZIP","Box":[201.7852,414.1906,68.6233,19.1982]},{"Field":"StructuredDocuments.HRForms.ReimbursementForm.TotalReimbursement","Box":[552.7679,372.3875,122.7299,28.0249]}],"Tables":[{"FieldId":"StructuredDocuments.HRForms.ReimbursementForm.Reimbursements","Headers":[{"FieldId":"StructuredDocuments.HRForms.ReimbursementForm.Reimbursements.ExpenseDetail","Box":[313.8978,52.0648,318.0713,0.0]},{"FieldId":"StructuredDocuments.HRForms.ReimbursementForm.Reimbursements.Amount","Box":[313.8978,370.1361,124.0816,0.0]}],"Cells":[{"Row":0,"Column":0,"Box":[336.9691,52.0648,318.0713,31.0]},{"Row":0,"Column":1,"Box":[336.9691,370.1361,124.0816,31.0]},{"Row":1,"Column":0,"Box":[367.9691,52.0648,318.0713,31.0]},{"Row":1,"Column":1,"Box":[367.9691,370.1361,124.0816,31.0]},{"Row":2,"Column":0,"Box":[398.9691,52.0648,318.0713,31.0]},{"Row":2,"Column":1,"Box":[398.9691,370.1361,124.0816,31.0]},{"Row":3,"Column":0,"Box":[429.9691,52.0648,318.0713,26.0]},{"Row":3,"Column":1,"Box":[429.9691,370.1361,124.0816,26.0]},{"Row":4,"Column":0,"Box":[455.9691,52.0648,318.0713,32.0]},{"Row":4,"Column":1,"Box":[455.9691,370.1361,124.0816,32.0]},{"Row":5,"Column":0,"Box":[487.9691,52.0648,318.0713,30.0]},{"Row":5,"Column":1,"Box":[487.9691,370.1361,124.0816,30.0]},{"Row":6,"Column":0,"Box":[517.9691,52.0648,318.0713,29.959]},{"Row":6,"Column":1,"Box":[517.9691,370.1361,124.0816,29.959]}]}]}]}