{"DocumentId":"Reimbursement Form Original","ContentType":"application/pdf","Length":443,"Pages":[{"PageIndex":0,"Size":[0.0,0.0,540.0,720.0],"Sections":[{"IndexInText":0,"Language":"fra","Length":25,"Rotation":"None","SkewAngle":0.0,"Type":"Paragraph","WordGroups":[{"IndexInText":0,"Length":25,"Type":"Heading","Words":[{"Box":[50.0969,51.552,62.4352,16.6181],"Polygon":[51.552,50.0969,113.9872,50.0969,113.9872,66.715,51.552,66.715],"IndexInText":0,"OcrConfidence":1.0,"Text":"Request","VisualLineNumber":0},{"Box":[50.0969,118.8897,23.2869,16.6181],"Polygon":[118.8897,50.0969,142.1766,50.0969,142.1766,66.715,118.8897,66.715],"IndexInText":8,"OcrConfidence":1.0,"Text":"for","VisualLineNumber":0},{"Box":[50.0969,146.6646,124.0052,16.6181],"Polygon":[146.6646,50.0969,270.6698,50.0969,270.6698,66.715,146.6646,66.715],"IndexInText":12,"OcrConfidence":1.0,"Text":"Reimbursement","VisualLineNumber":0}]}]},{"IndexInText":27,"Language":"eng","Length":13,"Rotation":"None","SkewAngle":0.0,"Type":"Paragraph","WordGroups":[{"IndexInText":27,"Length":13,"Type":"Other","Words":[{"Box":[134.42,67.224,29.0352,11.04],"Polygon":[67.224,134.42,96.2592,134.42,96.2592,145.46,67.224,145.46],"IndexInText":27,"OcrConfidence":1.0,"Text":"NAME","VisualLineNumber":2},{"Box":[134.42,98.5334,37.9114,11.04],"Polygon":[98.5334,134.42,136.4448,134.42,136.4448,145.46,98.5334,145.46],"IndexInText":32,"OcrConfidence":1.0,"Text":"(PRINT):","VisualLineNumber":2}]}]},{"IndexInText":42,"Language":"eng","Length":16,"Rotation":"None","SkewAngle":0.0,"Type":"Paragraph","WordGroups":[{"IndexInText":42,"Length":16,"Type":"Other","Words":[{"Box":[166.75,67.224,24.8179,11.04],"Polygon":[67.224,166.75,92.0419,166.75,92.0419,177.79,67.224,177.79],"IndexInText":42,"OcrConfidence":1.0,"Text":"SEND","VisualLineNumber":3},{"Box":[166.75,94.4486,46.1031,11.04],"Polygon":[94.4486,166.75,140.5517,166.75,140.5517,177.79,94.4486,177.79],"IndexInText":47,"OcrConfidence":1.0,"Text":"PAYMENT","VisualLineNumber":3},{"Box":[179.95,67.224,16.019,11.04],"Polygon":[67.224,179.95,83.243,179.95,83.243,190.99,67.224,190.99],"IndexInText":55,"OcrConfidence":1.0,"Text":"TO:","VisualLineNumber":4}]}]},{"IndexInText":60,"Language":"nld","Length":6,"Rotation":"None","SkewAngle":0.0,"Type":"Paragraph","WordGroups":[{"IndexInText":60,"Length":6,"Type":"Heading","Words":[{"Box":[193.02,268.85,20.8382,6.96],"Polygon":[268.85,193.02,289.6882,193.02,289.6882,199.98,268.85,199.98],"IndexInText":60,"OcrConfidence":1.0,"Text":"STREET","VisualLineNumber":5}]}]},{"IndexInText":68,"Language":"eng","Length":4,"Rotation":"None","SkewAngle":0.0,"Type":"Paragraph","WordGroups":[{"IndexInText":68,"Length":4,"Type":"Heading","Words":[{"Box":[228.782,190.8,12.6201,6.984],"Polygon":[190.8,228.782,203.4201,228.782,203.4201,235.766,190.8,235.766],"IndexInText":68,"OcrConfidence":1.0,"Text":"CITY","VisualLineNumber":6}]}]},{"IndexInText":74,"Language":"eng","Length":10,"Rotation":"None","SkewAngle":0.0,"Type":"Paragraph","WordGroups":[{"IndexInText":74,"Length":10,"Type":"Other","Words":[{"Box":[79.154,387.62,26.622,16.596],"Polygon":[387.62,79.154,414.242,79.154,414.242,95.75,387.62,95.75],"IndexInText":74,"OcrConfidence":1.0,"Text":"My","VisualLineNumber":1},{"Box":[79.154,418.868,76.662,16.596],"Polygon":[418.868,79.154,495.53,79.154,495.53,95.75,418.868,95.75],"IndexInText":77,"OcrConfidence":1.0,"Text":"Company","VisualLineNumber":1}]}]},{"IndexInText":86,"Language":"ron","Length":5,"Rotation":"None","SkewAngle":0.0,"Type":"Paragraph","WordGroups":[{"IndexInText":86,"Length":5,"Type":"Heading","Words":[{"Box":[228.782,340.92,17.7883,6.984],"Polygon":[340.92,228.782,358.7083,228.782,358.7083,235.766,340.92,235.766],"IndexInText":86,"OcrConfidence":1.0,"Text":"STATE","VisualLineNumber":6}]}]},{"IndexInText":93,"Language":"eng","Length":3,"Rotation":"None","SkewAngle":0.0,"Type":"Paragraph","WordGroups":[{"IndexInText":93,"Length":3,"Type":"Other","Words":[{"Box":[228.782,425.78,8.8697,6.984],"Polygon":[425.78,228.782,434.6497,228.782,434.6497,235.766,425.78,235.766],"IndexInText":93,"OcrConfidence":1.0,"Text":"ZIP","VisualLineNumber":6}]}]},{"IndexInText":98,"Language":"eng","Length":116,"Rotation":"None","SkewAngle":0.0,"Type":"Table","WordGroups":[{"IndexInText":98,"Length":24,"Type":"TableCell","Words":[{"Box":[295.99,67.224,54.7915,11.04],"Polygon":[67.224,295.99,122.0155,295.99,122.0155,307.03,67.224,307.03],"IndexInText":98,"OcrConfidence":1.0,"Text":"REQUESTED","VisualLineNumber":7},{"Box":[295.99,124.3118,87.492,11.04],"Polygon":[124.3118,295.99,211.8038,295.99,211.8038,307.03,124.3118,307.03],"IndexInText":108,"OcrConfidence":1.0,"Text":"REIMBURSEMENTS","VisualLineNumber":7}]},{"IndexInText":130,"Length":1,"Type":"TableRowEnd","Words":[{"Box":[0.0,0.0,0.0,0.0],"IndexInText":130,"OcrConfidence":1.0,"Text":" ","VisualLineNumber":-1}]},{"IndexInText":137,"Length":14,"Type":"TableCell","Words":[{"Box":[321.19,67.224,40.6382,11.04],"Polygon":[67.224,321.19,107.8622,321.19,107.8622,332.23,67.224,332.23],"IndexInText":137,"OcrConfidence":1.0,"Text":"EXPENSE","VisualLineNumber":8},{"Box":[321.19,110.1586,32.2478,11.04],"Polygon":[110.1586,321.19,142.4064,321.19,142.4064,332.23,110.1586,332.23],"IndexInText":145,"OcrConfidence":1.0,"Text":"DETAIL","VisualLineNumber":8}]},{"IndexInText":169,"Length":6,"Type":"TableRowEnd","Words":[{"Box":[321.19,436.34,43.7294,11.04],"Polygon":[436.34,321.19,480.0694,321.19,480.0694,332.23,436.34,332.23],"IndexInText":169,"OcrConfidence":1.0,"Text":"AMOUNT","VisualLineNumber":8}]},{"IndexInText":176,"Length":29,"Type":"TableCell","Words":[{"Box":[562.61,67.224,29.8521,11.04],"Polygon":[67.224,562.61,97.0761,562.61,97.0761,573.65,67.224,573.65],"IndexInText":176,"OcrConfidence":1.0,"Text":"TOTAL","VisualLineNumber":9},{"Box":[562.61,99.4829,54.7915,11.04],"Polygon":[99.4829,562.61,154.2744,562.61,154.2744,573.65,99.4829,573.65],"IndexInText":182,"OcrConfidence":1.0,"Text":"REQUESTED","VisualLineNumber":9},{"Box":[562.61,156.5707,82.2259,11.04],"Polygon":[156.5707,562.61,238.7966,562.61,238.7966,573.65,156.5707,573.65],"IndexInText":192,"OcrConfidence":1.0,"Text":"REIMBURSEMENT","VisualLineNumber":9}]},{"IndexInText":208,"Length":1,"Type":"TableRowEnd","Words":[{"Box":[0.0,0.0,0.0,0.0],"IndexInText":208,"OcrConfidence":1.0,"Text":" ","VisualLineNumber":-1}]}]},{"IndexInText":216,"Language":"eng","Length":60,"Rotation":"None","SkewAngle":0.0,"Type":"Paragraph","WordGroups":[{"IndexInText":216,"Length":60,"Type":"Other","Words":[{"Box":[608.042,110.33,33.2362,11.064],"Polygon":[110.33,608.042,143.5662,608.042,143.5662,619.106,110.33,619.106],"IndexInText":216,"OcrConfidence":1.0,"Text":"PLEASE","VisualLineNumber":10},{"Box":[608.042,145.9671,36.6551,11.064],"Polygon":[145.9671,608.042,182.6222,608.042,182.6222,619.106,145.9671,619.106],"IndexInText":223,"OcrConfidence":1.0,"Text":"SUBMIT","VisualLineNumber":10},{"Box":[608.042,184.9346,87.5383,11.064],"Polygon":[184.9346,608.042,272.4729,608.042,272.4729,619.106,184.9346,619.106],"IndexInText":230,"OcrConfidence":1.0,"Text":"REIMBURSEMENTS","VisualLineNumber":10},{"Box":[608.042,274.6747,35.6814,11.064],"Polygon":[274.6747,608.042,310.3561,608.042,310.3561,619.106,274.6747,619.106],"IndexInText":245,"OcrConfidence":1.0,"Text":"WITHIN","VisualLineNumber":10},{"Box":[608.042,312.5578,11.2188,11.064],"Polygon":[312.5578,608.042,323.7766,608.042,323.7766,619.106,312.5578,619.106],"IndexInText":252,"OcrConfidence":1.0,"Text":"30","VisualLineNumber":10},{"Box":[608.042,326.3325,24.6617,11.064],"Polygon":[326.3325,608.042,350.9942,608.042,350.9942,619.106,326.3325,619.106],"IndexInText":255,"OcrConfidence":1.0,"Text":"DAYS","VisualLineNumber":10},{"Box":[608.042,353.3508,12.5134,11.064],"Polygon":[353.3508,608.042,365.8642,608.042,365.8642,619.106,353.3508,619.106],"IndexInText":260,"OcrConfidence":1.0,"Text":"OF","VisualLineNumber":10},{"Box":[608.042,368.3314,40.6934,11.064],"Polygon":[368.3314,608.042,409.0248,608.042,409.0248,619.106,368.3314,619.106],"IndexInText":263,"OcrConfidence":1.0,"Text":"EXPENSE","VisualLineNumber":10},{"Box":[608.042,411.304,29.8175,11.064],"Polygon":[411.304,608.042,441.1215,608.042,441.1215,619.106,411.304,619.106],"IndexInText":271,"OcrConfidence":1.0,"Text":"DATES","VisualLineNumber":10}]}]},{"IndexInText":278,"Language":"eng","Length":120,"Rotation":"None","SkewAngle":0.0,"Type":"Paragraph","WordGroups":[{"IndexInText":278,"Length":120,"Type":"Other","Words":[{"Box":[634.488,95.904,44.712,11.04],"Polygon":[95.904,634.488,140.616,634.488,140.616,645.528,95.904,645.528],"IndexInText":278,"OcrConfidence":1.0,"Text":"SCANNED","VisualLineNumber":11},{"Box":[634.488,142.9123,13.6786,11.04],"Polygon":[142.9123,634.488,156.5909,634.488,156.5909,645.528,142.9123,645.528],"IndexInText":286,"OcrConfidence":1.0,"Text":"OR","VisualLineNumber":11},{"Box":[634.488,159.0859,38.4744,11.04],"Polygon":[159.0859,634.488,197.5603,634.488,197.5603,645.528,159.0859,645.528],"IndexInText":289,"OcrConfidence":1.0,"Text":"PHOTOS","VisualLineNumber":11},{"Box":[634.488,200.2541,12.5304,11.04],"Polygon":[200.2541,634.488,212.7845,634.488,212.7845,645.528,200.2541,645.528],"IndexInText":296,"OcrConfidence":1.0,"Text":"OF","VisualLineNumber":11},{"Box":[634.488,215.2243,42.5261,11.04],"Polygon":[215.2243,634.488,257.7504,634.488,257.7504,645.528,215.2243,645.528],"IndexInText":299,"OcrConfidence":1.0,"Text":"RECEIPTS","VisualLineNumber":11},{"Box":[634.488,260.0798,27.4344,11.04],"Polygon":[260.0798,634.488,287.5142,634.488,287.5142,645.528,260.0798,645.528],"IndexInText":308,"OcrConfidence":1.0,"Text":"MUST","VisualLineNumber":11},{"Box":[634.488,290.0534,11.6362,11.04],"Polygon":[290.0534,634.488,301.6896,634.488,301.6896,645.528,290.0534,645.528],"IndexInText":313,"OcrConfidence":1.0,"Text":"BE","VisualLineNumber":11},{"Box":[634.488,303.9859,49.6359,11.04],"Polygon":[303.9859,634.488,353.6218,634.488,353.6218,645.528,303.9859,645.528],"IndexInText":316,"OcrConfidence":1.0,"Text":"ATTACHED","VisualLineNumber":11},{"Box":[634.488,355.9181,12.9719,11.04],"Polygon":[355.9181,634.488,368.89,634.488,368.89,645.528,355.9181,645.528],"IndexInText":325,"OcrConfidence":1.0,"Text":"TO","VisualLineNumber":11},{"Box":[634.488,371.3851,17.8627,11.04],"Polygon":[371.3851,634.488,389.2478,634.488,389.2478,645.528,371.3851,645.528],"IndexInText":328,"OcrConfidence":1.0,"Text":"THE","VisualLineNumber":11},{"Box":[634.488,391.7429,42.4488,11.04],"Polygon":[391.7429,634.488,434.1917,634.488,434.1917,645.528,391.7429,645.528],"IndexInText":332,"OcrConfidence":1.0,"Text":"REQUEST","VisualLineNumber":11},{"Box":[634.488,436.6315,18.6907,11.04],"Polygon":[436.6315,634.488,455.3222,634.488,455.3222,645.528,436.6315,645.528],"IndexInText":340,"OcrConfidence":1.0,"Text":"FOR","VisualLineNumber":11},{"Box":[647.688,124.25,82.2259,11.04],"Polygon":[124.25,647.688,206.4759,647.688,206.4759,658.728,124.25,658.728],"IndexInText":344,"OcrConfidence":1.0,"Text":"REIMBURSEMENT","VisualLineNumber":12},{"Box":[647.688,208.6839,28.3397,11.04],"Polygon":[208.6839,647.688,237.0236,647.688,237.0236,658.728,208.6839,658.728],"IndexInText":358,"OcrConfidence":1.0,"Text":"FORM","VisualLineNumber":12},{"Box":[647.688,239.5186,18.6907,11.04],"Polygon":[239.5186,647.688,258.2093,647.688,258.2093,658.728,239.5186,658.728],"IndexInText":363,"OcrConfidence":1.0,"Text":"FOR","VisualLineNumber":12},{"Box":[647.688,260.859,16.0631,11.04],"Polygon":[260.859,647.688,276.9221,647.688,276.9221,658.728,260.859,658.728],"IndexInText":367,"OcrConfidence":1.0,"Text":"ALL","VisualLineNumber":12},{"Box":[647.688,279.2074,45.8602,11.04],"Polygon":[279.2074,647.688,325.0676,647.688,325.0676,658.728,279.2074,658.728],"IndexInText":371,"OcrConfidence":1.0,"Text":"EXPENSES","VisualLineNumber":12},{"Box":[647.688,327.4191,34.1026,11.04],"Polygon":[327.4191,647.688,361.5217,647.688,361.5217,658.728,327.4191,658.728],"IndexInText":380,"OcrConfidence":1.0,"Text":"EXCEPT","VisualLineNumber":12},{"Box":[647.688,363.8732,18.6907,11.04],"Polygon":[363.8732,647.688,382.5639,647.688,382.5639,658.728,363.8732,658.728],"IndexInText":387,"OcrConfidence":1.0,"Text":"FOR","VisualLineNumber":12},{"Box":[647.688,385.0921,41.8416,11.04],"Polygon":[385.0921,647.688,426.9337,647.688,426.9337,658.728,385.0921,658.728],"IndexInText":391,"OcrConfidence":1.0,"Text":"MILEAGE","VisualLineNumber":12}]}]},{"IndexInText":400,"Language":"eng","Length":43,"Rotation":"None","SkewAngle":0.0,"Type":"Paragraph","WordGroups":[{"IndexInText":400,"Length":43,"Type":"Other","Words":[{"Box":[674.088,140.21,53.6654,11.04],"Polygon":[140.21,674.088,193.8754,674.088,193.8754,685.128,140.21,685.128],"IndexInText":400,"OcrConfidence":1.0,"Text":"QUESTION?","VisualLineNumber":13},{"Box":[674.088,196.2159,44.1931,11.04],"Polygon":[196.2159,674.088,240.409,674.088,240.409,685.128,196.2159,685.128],"IndexInText":410,"OcrConfidence":1.0,"Text":"CONTACT","VisualLineNumber":13},{"Box":[674.088,242.83,168.3269,11.04],"Polygon":[242.83,674.088,411.1569,674.088,411.1569,685.128,242.83,685.128],"IndexInText":418,"OcrConfidence":1.0,"Text":"NOQUESTIONS@MYCOMPANY.COM","VisualLineNumber":13}]}]}],"ProcessingSource":"Pdf","IndexInText":0,"TextLength":443,"SkewAngle":0.0}]}